name,weight_plf,A,Ht,B,tnom,tdes,Ix,Zx,Sx,rx,Iy,Zy,Sy,ry,J,C,b_tdes,h_tdes
HSS2X2X1/8,3.05,0.84,2.0,2.0,0.125,0.116,0.486,0.584,0.486,0.761,0.486,0.584,0.486,0.761,0.796,0.817,14.2,14.2
HSS2-1/4X2-1/4X1/8,3.48,0.956,2.25,2.25,0.125,0.116,0.712,0.755,0.633,0.863,0.712,0.755,0.633,0.863,1.15,1.05,16.4,16.4
HSS2-1/2X2-1/2X1/8,3.9,1.07,2.5,2.5,0.125,0.116,0.998,0.947,0.799,0.965,0.998,0.947,0.799,0.965,1.61,1.31,18.6,18.6
HSS2X2X3/16,4.32,1.19,2.0,2.0,0.1875,0.174,0.641,0.797,0.641,0.733,0.641,0.797,0.641,0.733,1.09,1.14,8.49,8.49
HSS3X3X1/8,4.75,1.3,3.0,3.0,0.125,0.116,1.78,1.4,1.19,1.17,1.78,1.4,1.19,1.17,2.84,1.92,22.9,22.9
HSS2-1/4X2-1/4X3/16,4.96,1.37,2.25,2.25,0.1875,0.174,0.953,1.04,0.847,0.835,0.953,1.04,0.847,0.835,1.6,1.48,9.93,9.93
HSS2X2X1/4,5.41,1.51,2.0,2.0,0.25,0.233,0.747,0.964,0.747,0.704,0.747,0.964,0.747,0.704,1.31,1.41,5.58,5.58
HSS2-1/2X2-1/2X3/16,5.59,1.54,2.5,2.5,0.1875,0.174,1.35,1.32,1.08,0.937,1.35,1.32,1.08,0.937,2.25,1.86,11.4,11.4
HSS3-1/2X3-1/2X1/8,5.61,1.54,3.5,3.5,0.125,0.116,2.9,1.93,1.66,1.37,2.9,1.93,1.66,1.37,4.58,2.65,27.2,27.2
HSS2-1/4X2-1/4X1/4,6.26,1.74,2.25,2.25,0.25,0.233,1.13,1.28,1.01,0.806,1.13,1.28,1.01,0.806,1.96,1.85,6.66,6.66
HSS4X4X1/8,6.46,1.77,4.0,4.0,0.125,0.116,4.4,2.56,2.2,1.58,4.4,2.56,2.2,1.58,6.91,3.49,31.5,31.5
HSS3X3X3/16,6.87,1.89,3.0,3.0,0.1875,0.174,2.46,1.97,1.64,1.14,2.46,1.97,1.64,1.14,4.03,2.76,14.2,14.2
HSS2-1/2X2-1/2X1/4,7.11,1.97,2.5,2.5,0.25,0.233,1.63,1.63,1.3,0.908,1.63,1.63,1.3,0.908,2.79,2.35,7.73,7.73
HSS4-1/2X4-1/2X1/8,7.31,2.0,4.5,4.5,0.125,0.116,6.35,3.27,2.82,1.78,6.35,3.27,2.82,1.78,9.92,4.45,35.8,35.8
HSS3-1/2X3-1/2X3/16,8.15,2.24,3.5,3.5,0.1875,0.174,4.05,2.76,2.31,1.35,4.05,2.76,2.31,1.35,6.56,3.83,17.1,17.1
HSS5X5X1/8,8.16,2.23,5.0,5.0,0.125,0.116,8.8,4.07,3.52,1.99,8.8,4.07,3.52,1.99,13.7,5.53,40.1,40.1
HSS2-1/2X2-1/2X5/16,8.45,2.35,2.5,2.5,0.3125,0.291,1.82,1.88,1.46,0.88,1.82,1.88,1.46,0.88,3.2,2.74,5.59,5.59
HSS3X3X1/4,8.81,2.44,3.0,3.0,0.25,0.233,3.02,2.48,2.01,1.11,3.02,2.48,2.01,1.11,5.08,3.52,9.88,9.88
HSS5-1/2X5-1/2X1/8,9.01,2.46,5.5,5.5,0.125,0.116,11.8,4.95,4.3,2.19,11.8,4.95,4.3,2.19,18.3,6.72,44.4,44.4
HSS4X4X3/16,9.42,2.58,4.0,4.0,0.1875,0.174,6.21,3.67,3.1,1.55,6.21,3.67,3.1,1.55,10.0,5.07,20.0,20.0
HSS6X6X1/8,9.86,2.7,6.0,6.0,0.125,0.116,15.5,5.92,5.15,2.39,15.5,5.92,5.15,2.39,23.9,8.03,48.7,48.7
HSS3-1/2X3-1/2X1/4,10.51,2.91,3.5,3.5,0.25,0.233,5.04,3.5,2.88,1.32,5.04,3.5,2.88,1.32,8.35,4.92,12.0,12.0
HSS3X3X5/16,10.58,2.94,3.0,3.0,0.3125,0.291,3.45,2.9,2.3,1.08,3.45,2.9,2.3,1.08,5.94,4.18,7.31,7.31
HSS4-1/2X4-1/2X3/16,10.7,2.93,4.5,4.5,0.1875,0.174,9.02,4.71,4.01,1.75,9.02,4.71,4.01,1.75,14.4,6.49,22.9,22.9
HSS7X7X1/8,11.56,3.16,7.0,7.0,0.125,0.116,24.8,8.13,7.09,2.8,24.8,8.13,7.09,2.8,38.2,11.0,57.3,57.3
HSS5X5X3/16,11.97,3.28,5.0,5.0,0.1875,0.174,12.6,5.89,5.03,1.96,12.6,5.89,5.03,1.96,19.9,8.08,25.7,25.7
HSS3X3X3/8,12.17,3.39,3.0,3.0,0.375,0.349,3.78,3.25,2.52,1.06,3.78,3.25,2.52,1.06,6.64,4.74,5.6,5.6
HSS4X4X1/4,12.21,3.37,4.0,4.0,0.25,0.233,7.8,4.69,3.9,1.52,7.8,4.69,3.9,1.52,12.8,6.56,14.2,14.2
HSS3-1/2X3-1/2X5/16,12.7,3.52,3.5,3.5,0.3125,0.291,5.84,4.14,3.34,1.29,5.84,4.14,3.34,1.29,9.89,5.9,9.03,9.03
HSS5-1/2X5-1/2X3/16,13.25,3.63,5.5,5.5,0.1875,0.174,17.0,7.19,6.17,2.16,17.0,7.19,6.17,2.16,26.7,9.85,28.6,28.6
HSS8X8X1/8,13.26,3.62,8.0,8.0,0.125,0.116,37.4,10.7,9.34,3.21,37.4,10.7,9.34,3.21,57.3,14.4,66.0,66.0
HSS4-1/2X4-1/2X1/4,13.91,3.84,4.5,4.5,0.25,0.233,11.4,6.06,5.08,1.73,11.4,6.06,5.08,1.73,18.5,8.44,16.3,16.3
HSS6X6X3/16,14.53,3.98,6.0,6.0,0.1875,0.174,22.3,8.63,7.42,2.37,22.3,8.63,7.42,2.37,35.0,11.8,31.5,31.5
HSS3-1/2X3-1/2X3/8,14.72,4.09,3.5,3.5,0.375,0.349,6.49,4.69,3.71,1.26,6.49,4.69,3.71,1.26,11.2,6.77,7.03,7.03
HSS4X4X5/16,14.83,4.1,4.0,4.0,0.3125,0.291,9.14,5.59,4.57,1.49,9.14,5.59,4.57,1.49,15.3,7.91,10.7,10.7
HSS9X9X1/8,14.96,4.09,9.0,9.0,0.125,0.116,53.5,13.6,11.9,3.62,53.5,13.6,11.9,3.62,82.0,18.3,74.6,74.6
HSS5X5X1/4,15.62,4.3,5.0,5.0,0.25,0.233,16.0,7.61,6.41,1.93,16.0,7.61,6.41,1.93,25.8,10.5,18.5,18.5
HSS4-1/2X4-1/2X5/16,16.96,4.68,4.5,4.5,0.3125,0.291,13.5,7.27,6.0,1.7,13.5,7.27,6.0,1.7,22.3,10.2,12.5,12.5
HSS7X7X3/16,17.08,4.67,7.0,7.0,0.1875,0.174,36.0,11.9,10.3,2.77,36.0,11.9,10.3,2.77,56.1,16.2,37.2,37.2
HSS4X4X3/8,17.27,4.78,4.0,4.0,0.375,0.349,10.3,6.39,5.13,1.47,10.3,6.39,5.13,1.47,17.5,9.14,8.46,8.46
HSS5-1/2X5-1/2X1/4,17.32,4.77,5.5,5.5,0.25,0.233,21.7,9.32,7.9,2.13,21.7,9.32,7.9,2.13,34.8,12.9,20.6,20.6
HSS6X6X1/4,19.02,5.24,6.0,6.0,0.25,0.233,28.6,11.2,9.54,2.34,28.6,11.2,9.54,2.34,45.6,15.4,22.8,22.8
HSS5X5X5/16,19.08,5.26,5.0,5.0,0.3125,0.291,19.0,9.16,7.62,1.9,19.0,9.16,7.62,1.9,31.2,12.8,14.2,14.2
HSS8X8X3/16,19.63,5.37,8.0,8.0,0.1875,0.174,54.4,15.7,13.6,3.18,54.4,15.7,13.6,3.18,84.5,21.3,43.0,43.0
HSS4-1/2X4-1/2X3/8,19.82,5.48,4.5,4.5,0.375,0.349,15.3,8.36,6.79,1.67,15.3,8.36,6.79,1.67,25.7,11.9,9.89,9.89
HSS5-1/2X5-1/2X5/16,21.21,5.85,5.5,5.5,0.3125,0.291,25.9,11.3,9.43,2.11,25.9,11.3,9.43,2.11,42.2,15.7,15.9,15.9
HSS4X4X1/2,21.63,6.02,4.0,4.0,0.5,0.465,11.9,7.7,5.97,1.41,11.9,7.7,5.97,1.41,21.0,11.2,5.6,5.6
HSS9X9X3/16,22.18,6.06,9.0,9.0,0.1875,0.174,78.2,20.0,17.4,3.59,78.2,20.0,17.4,3.59,121.0,27.1,48.7,48.7
HSS5X5X3/8,22.37,6.18,5.0,5.0,0.375,0.349,21.7,10.6,8.68,1.87,21.7,10.6,8.68,1.87,36.1,14.9,11.3,11.3
HSS7X7X1/4,22.42,6.17,7.0,7.0,0.25,0.233,46.5,15.5,13.3,2.75,46.5,15.5,13.3,2.75,73.5,21.3,27.0,27.0
HSS6X6X5/16,23.34,6.43,6.0,6.0,0.3125,0.291,34.3,13.6,11.4,2.31,34.3,13.6,11.4,2.31,55.4,18.9,17.6,17.6
HSS10X10X3/16,24.73,6.76,10.0,10.0,0.1875,0.174,108.0,24.8,21.6,4.0,108.0,24.8,21.6,4.0,167.0,33.6,54.5,54.5
HSS5-1/2X5-1/2X3/8,24.93,6.88,5.5,5.5,0.375,0.349,29.7,13.1,10.8,2.08,29.7,13.1,10.8,2.08,49.0,18.4,12.8,12.8
HSS4-1/2X4-1/2X1/2,25.03,6.95,4.5,4.5,0.5,0.465,18.1,10.2,8.03,1.61,18.1,10.2,8.03,1.61,31.3,14.8,6.68,6.68
HSS8X8X1/4,25.82,7.1,8.0,8.0,0.25,0.233,70.7,20.5,17.7,3.15,70.7,20.5,17.7,3.15,111.0,28.1,31.3,31.3
HSS6X6X3/8,27.48,7.58,6.0,6.0,0.375,0.349,39.5,15.8,13.2,2.28,39.5,15.8,13.2,2.28,64.6,22.1,14.2,14.2
HSS7X7X5/16,27.59,7.59,7.0,7.0,0.3125,0.291,56.1,18.9,16.0,2.72,56.1,18.9,16.0,2.72,89.7,26.1,21.1,21.1
HSS5X5X1/2,28.43,7.88,5.0,5.0,0.5,0.465,26.0,13.1,10.4,1.82,26.0,13.1,10.4,1.82,44.6,18.7,7.75,7.75
HSS9X9X1/4,29.23,8.03,9.0,9.0,0.25,0.233,102.0,26.2,22.7,3.56,102.0,26.2,22.7,3.56,159.0,35.8,35.6,35.6
HSS12X12X3/16,29.84,8.15,12.0,12.0,0.1875,0.174,189.0,36.0,31.5,4.82,189.0,36.0,31.5,4.82,290.0,48.6,66.0,66.0
HSS8X8X5/16,31.84,8.76,8.0,8.0,0.3125,0.291,85.6,25.1,21.4,3.13,85.6,25.1,21.4,3.13,136.0,34.5,24.5,24.5
HSS7X7X3/8,32.58,8.97,7.0,7.0,0.375,0.349,65.0,22.1,18.6,2.69,65.0,22.1,18.6,2.69,105.0,30.7,17.1,17.1
HSS10X10X1/4,32.63,8.96,10.0,10.0,0.25,0.233,141.0,32.7,28.3,3.97,141.0,32.7,28.3,3.97,220.0,44.4,39.9,39.9
HSS6X6X1/2,35.24,9.74,6.0,6.0,0.5,0.465,48.3,19.8,16.1,2.23,48.3,19.8,16.1,2.23,81.1,28.1,9.9,9.9
HSS9X9X5/16,36.1,9.92,9.0,9.0,0.3125,0.291,124.0,32.1,27.6,3.54,124.0,32.1,27.6,3.54,196.0,44.0,27.9,27.9
HSS8X8X3/8,37.69,10.4,8.0,8.0,0.375,0.349,100.0,29.4,24.9,3.1,100.0,29.4,24.9,3.1,160.0,40.7,19.9,19.9
HSS12X12X1/4,39.43,10.8,12.0,12.0,0.25,0.233,248.0,47.6,41.4,4.79,248.0,47.6,41.4,4.79,384.0,64.5,48.5,48.5
HSS10X10X5/16,40.35,11.1,10.0,10.0,0.3125,0.291,172.0,40.1,34.5,3.94,172.0,40.1,34.5,3.94,271.0,54.8,31.4,31.4
HSS7X7X1/2,42.05,11.6,7.0,7.0,0.5,0.465,80.5,27.9,23.0,2.63,80.5,27.9,23.0,2.63,133.0,39.3,12.1,12.1
HSS6X6X5/8,42.3,11.7,6.0,6.0,0.625,0.581,55.2,23.2,18.4,2.17,55.2,23.2,18.4,2.17,94.9,33.4,7.33,7.33
HSS9X9X3/8,42.79,11.8,9.0,9.0,0.375,0.349,145.0,37.8,32.2,3.51,145.0,37.8,32.2,3.51,231.0,52.1,22.8,22.8
HSS10X10X3/8,47.9,13.2,10.0,10.0,0.375,0.349,202.0,47.2,40.4,3.92,202.0,47.2,40.4,3.92,320.0,64.8,25.7,25.7
HSS8X8X1/2,48.85,13.5,8.0,8.0,0.5,0.465,125.0,37.5,31.2,3.04,125.0,37.5,31.2,3.04,204.0,52.4,14.2,14.2
HSS12X12X5/16,48.86,13.4,12.0,12.0,0.3125,0.291,304.0,58.6,50.7,4.76,304.0,58.6,50.7,4.76,474.0,79.7,38.2,38.2
HSS7X7X5/8,50.81,14.0,7.0,7.0,0.625,0.581,93.4,33.1,26.7,2.58,93.4,33.1,26.7,2.58,158.0,47.1,9.05,9.05
HSS9X9X1/2,55.66,15.3,9.0,9.0,0.5,0.465,183.0,48.4,40.6,3.45,183.0,48.4,40.6,3.45,296.0,67.4,16.4,16.4
HSS14X14X5/16,57.36,15.7,14.0,14.0,0.3125,0.291,490.0,80.5,69.9,5.58,490.0,80.5,69.9,5.58,759.0,109.0,45.1,45.1
HSS12X12X3/8,58.1,16.0,12.0,12.0,0.375,0.349,357.0,69.2,59.5,4.73,357.0,69.2,59.5,4.73,561.0,94.6,31.4,31.4
HSS8X8X5/8,59.32,16.4,8.0,8.0,0.625,0.581,146.0,44.7,36.5,2.99,146.0,44.7,36.5,2.99,244.0,63.2,10.8,10.8
HSS10X10X1/2,62.46,17.2,10.0,10.0,0.5,0.465,256.0,60.7,51.2,3.86,256.0,60.7,51.2,3.86,412.0,84.2,18.5,18.5
HSS16X16X5/16,65.87,18.1,16.0,16.0,0.3125,0.291,739.0,106.0,92.3,6.39,739.0,106.0,92.3,6.39,1140.0,144.0,52.0,52.0
HSS9X9X5/8,67.82,18.7,9.0,9.0,0.625,0.581,216.0,58.1,47.9,3.4,216.0,58.1,47.9,3.4,356.0,81.6,12.5,12.5
HSS14X14X3/8,68.31,18.7,14.0,14.0,0.375,0.349,577.0,95.4,82.5,5.55,577.0,95.4,82.5,5.55,900.0,130.0,37.1,37.1
HSS12X12X1/2,76.07,20.9,12.0,12.0,0.5,0.465,457.0,89.6,76.2,4.68,457.0,89.6,76.2,4.68,728.0,123.0,22.8,22.8
HSS10X10X5/8,76.33,21.0,10.0,10.0,0.625,0.581,304.0,73.2,60.8,3.8,304.0,73.2,60.8,3.8,498.0,102.0,14.2,14.2
HSS16X16X3/8,78.52,21.5,16.0,16.0,0.375,0.349,873.0,126.0,109.0,6.37,873.0,126.0,109.0,6.37,1350.0,171.0,42.8,42.8
HSS10X10X3/4,89.5,24.7,10.0,10.0,0.75,0.698,347.0,84.7,69.4,3.75,347.0,84.7,69.4,3.75,578.0,119.0,11.3,11.3
HSS14X14X1/2,89.68,24.6,14.0,14.0,0.5,0.465,743.0,124.0,106.0,5.49,743.0,124.0,106.0,5.49,1170.0,170.0,27.1,27.1
HSS12X12X5/8,93.34,25.7,12.0,12.0,0.625,0.581,548.0,109.0,91.4,4.62,548.0,109.0,91.4,4.62,885.0,151.0,17.7,17.7
HSS16X16X1/2,103.3,28.3,16.0,16.0,0.5,0.465,1130.0,164.0,141.0,6.31,1130.0,164.0,141.0,6.31,1770.0,224.0,31.4,31.4
HSS12X12X3/4,109.91,30.3,12.0,12.0,0.75,0.698,631.0,127.0,105.0,4.56,631.0,127.0,105.0,4.56,1030.0,177.0,14.2,14.2
HSS14X14X5/8,110.36,30.3,14.0,14.0,0.625,0.581,897.0,151.0,128.0,5.44,897.0,151.0,128.0,5.44,1430.0,208.0,21.1,21.1
HSS18X18X1/2,116.91,32.1,18.0,18.0,0.5,0.465,1630.0,210.0,181.0,7.13,1630.0,210.0,181.0,7.13,2540.0,286.0,35.7,35.7
HSS16X16X5/8,127.37,35.0,16.0,16.0,0.625,0.581,1370.0,200.0,171.0,6.25,1370.0,200.0,171.0,6.25,2170.0,276.0,24.5,24.5
HSS14X14X3/4,130.33,35.9,14.0,14.0,0.75,0.698,1040.0,177.0,149.0,5.38,1040.0,177.0,149.0,5.38,1680.0,246.0,17.0,17.0
HSS20X20X1/2,130.52,35.8,20.0,20.0,0.5,0.465,2260.0,261.0,226.0,7.95,2260.0,261.0,226.0,7.95,3510.0,355.0,40.0,40.0
HSS18X18X5/8,144.39,39.6,18.0,18.0,0.625,0.581,1980.0,257.0,220.0,7.07,1980.0,257.0,220.0,7.07,3120.0,352.0,28.1,28.1
HSS14X14X7/8,149.61,41.2,14.0,14.0,0.875,0.814,1170.0,201.0,167.0,5.33,1170.0,201.0,167.0,5.33,1910.0,281.0,14.3,14.3
HSS16X16X3/4,150.75,41.5,16.0,16.0,0.75,0.698,1590.0,235.0,199.0,6.19,1590.0,235.0,199.0,6.19,2560.0,326.0,19.9,19.9
HSS20X20X5/8,161.4,44.3,20.0,20.0,0.625,0.581,2750.0,320.0,275.0,7.88,2750.0,320.0,275.0,7.88,4320.0,437.0,31.5,31.5
HSS18X18X3/4,171.16,47.1,18.0,18.0,0.75,0.698,2320.0,302.0,258.0,7.02,2320.0,302.0,258.0,7.02,3690.0,417.0,22.8,22.8
HSS16X16X7/8,173.43,47.7,16.0,16.0,0.875,0.814,1800.0,268.0,225.0,6.14,1800.0,268.0,225.0,6.14,2920.0,373.0,16.7,16.7
HSS20X20X3/4,191.58,52.6,20.0,20.0,0.75,0.698,3230.0,378.0,323.0,7.84,3230.0,378.0,323.0,7.84,5110.0,519.0,25.6,25.6
HSS18X18X7/8,197.24,54.3,18.0,18.0,0.875,0.814,2630.0,346.0,292.0,6.96,2630.0,346.0,292.0,6.96,4220.0,479.0,19.2,19.2
HSS22X22X3/4,212.0,58.2,22.0,22.0,0.75,0.698,4350.0,462.0,395.0,8.65,4350.0,462.0,395.0,8.65,6860.0,632.0,28.5,28.5
HSS20X20X7/8,221.06,60.8,20.0,20.0,0.875,0.814,3670.0,433.0,367.0,7.77,3670.0,433.0,367.0,7.77,5870.0,597.0,21.6,21.6
HSS22X22X7/8,244.88,67.3,22.0,22.0,0.875,0.814,4970.0,530.0,452.0,8.59,4970.0,530.0,452.0,8.59,7890.0,729.0,24.1,24.1
